Player,playerID,sklearn_AVG,sklearn_R,sklearn_H,sklearn_HR,sklearn_RBI,sklearn_2B,sklearn_SB,sklearn_BB,sklearn_OBP,sklearn_SLG
Kyle Schwarber,schwaky01,0.195,111,145,54,129,18,5,103,0.372,0.544
Aaron Judge,judgeaa01,0.331,119,193,53,110,30,12,144,0.488,0.7
Shohei Ohtani,ohtansh01,0.301,120,152,51,114,28,25,91,0.409,0.7
Cal Raleigh,raleica01,0.22,89,118,50,99,18,6,74,0.332,0.517
Junior Caminero,caminju01,0.28,107,181,44,129,33,13,62,0.342,0.576
Pete Alonso,alonspe01,0.246,96,169,41,126,32,3,73,0.344,0.563
Juan Soto,sotoju01,0.318,139,191,38,120,33,26,124,0.461,0.66
Nick Kurtz,kurtzni01,0.294,94,138,37,104,29,5,66,0.391,0.656
Rafael Devers,deverra01,0.27,99,170,37,112,36,2,84,0.382,0.55
Bobby Witt,wittbo02,0.331,125,174,36,113,46,27,58,0.4,0.629
Bryce Harper,harpebr03,0.292,95,163,34,102,38,8,81,0.382,0.609
Julio Rodriguez,rodriju01,0.317,109,180,33,98,40,27,46,0.36,0.553
Colson Montgomery,montgco01,0.201,47,85,32,61,14,1,37,0.299,0.494
Eugenio Suarez,suareeu01,0.203,66,126,32,93,15,2,47,0.288,0.449
Matt Olson,olsonma02,0.254,86,163,32,114,35,2,84,0.377,0.55
Vladimir Guerrero,guerrvl02,0.305,103,200,31,97,43,4,71,0.408,0.557
Fernando Tatis,tatisfe02,0.303,110,175,31,92,35,24,79,0.39,0.565
Cody Bellinger,bellico01,0.252,94,158,30,96,28,10,69,0.332,0.472
Tyler Soderstrom,soderty01,0.255,78,161,30,92,45,6,64,0.357,0.483
Tyler O'Neill,oneilty01,0.231,60,98,29,61,16,5,54,0.336,0.459
Trevor Story,storytr01,0.249,92,157,29,98,33,26,48,0.307,0.453
Kyle Manzardo,manzaky01,0.236,61,109,29,74,23,3,51,0.321,0.498
Kyle Tucker,tuckeky01,0.295,111,142,29,99,34,19,92,0.409,0.599
Brent Rooker,rookebr01,0.266,94,165,29,97,30,6,76,0.338,0.492
Salvador Perez,perezsa02,0.256,51,131,29,104,27,1,21,0.263,0.489
Anthony Santander,santaan02,0.193,59,116,29,70,17,1,44,0.26,0.433
Jose Ramirez,ramirjo01,0.299,114,184,28,91,41,28,69,0.379,0.554
Mike Trout,troutmi01,0.226,72,101,28,69,22,4,77,0.356,0.515
Francisco Lindor,lindofr01,0.282,119,177,28,87,41,27,57,0.34,0.508
Manny Machado,machama01,0.286,106,186,28,109,41,10,57,0.339,0.486
Jackson Merrill,merrija01,0.314,76,157,27,84,31,10,37,0.329,0.538
Gunnar Henderson,hendegu01,0.275,103,174,27,92,39,25,72,0.371,0.528
Mookie Betts,bettsmo01,0.298,108,180,27,96,38,11,68,0.382,0.548
Ben Rice,ricebe01,0.234,70,110,27,70,26,3,59,0.334,0.477
Willy Adames,adamewi01,0.22,100,139,27,91,27,9,67,0.318,0.424
Riley Greene,greenri02,0.263,72,129,26,87,24,3,56,0.335,0.465
Heliot Ramos,ramoshe02,0.277,85,166,26,82,30,6,52,0.341,0.473
Vinnie Pasquantino,pasquvi01,0.275,68,130,26,104,32,1,43,0.34,0.472
Taylor Ward,wardta01,0.218,61,77,26,74,15,3,54,0.329,0.474
Seiya Suzuki,suzukse01,0.267,77,129,26,85,26,6,74,0.359,0.484
Shea Langeliers,langesh01,0.234,63,104,26,82,27,4,40,0.296,0.494
James Wood,woodja03,0.254,82,134,26,74,33,12,76,0.389,0.498
Corey Seager,seageco01,0.29,84,139,25,77,31,2,60,0.359,0.523
Corbin Carroll,carroco02,0.243,109,147,25,65,30,35,75,0.354,0.517
Addison Barger,bargead01,0.224,62,106,25,73,25,4,34,0.288,0.436
Freddie Freeman,freemfr01,0.306,86,171,25,79,40,8,69,0.396,0.548
Ian Happ,happia01,0.222,88,138,25,81,31,7,75,0.33,0.442
Jackson Chourio,chourja01,0.28,97,169,25,89,34,21,43,0.321,0.511
Michael Busch,buschmi02,0.225,66,110,25,78,23,2,62,0.335,0.474
Christian Walker,walkech02,0.228,67,126,24,86,26,4,46,0.314,0.452
Elly De La Cruz,delacel01,0.252,105,171,24,80,39,33,58,0.337,0.449
Christian Yelich,yelicch01,0.3,93,156,24,77,35,16,78,0.379,0.477
Jo Adell,adelljo01,0.209,51,88,24,70,15,8,38,0.28,0.452
Pete Crow-Armstrong,crowape01,0.242,93,139,24,82,33,35,39,0.308,0.485
Ozzie Albies,albieoz01,0.264,85,149,23,81,31,10,54,0.315,0.456
William Contreras,contrwi02,0.285,83,150,23,84,32,5,71,0.381,0.475
Michael Toglia,toglimi01,0.169,45,63,23,51,13,5,43,0.285,0.438
Roman Anthony,anthoro01,0.25,85,139,23,69,28,12,66,0.369,0.452
Wilyer Abreu,abreuwi02,0.246,56,95,23,58,21,6,40,0.326,0.461
Matt Wallner,wallnma01,0.205,56,69,23,50,22,3,50,0.325,0.462
Lawrence Butler,butlela01,0.233,77,132,23,70,33,20,53,0.319,0.487
Giancarlo Stanton,stantmi03,0.189,31,54,23,62,13,0,41,0.291,0.503
Spencer Torkelson,torkesp01,0.209,59,98,23,68,19,2,57,0.298,0.429
Bryan Reynolds,reynobr01,0.245,80,161,23,95,34,6,58,0.328,0.433
Austin Riley,rileyau01,0.24,60,118,23,63,21,1,38,0.306,0.46
Teoscar Hernandez,hernate01,0.241,55,120,23,71,25,6,29,0.289,0.455
Michael Harris,harrimi04,0.286,79,169,22,80,39,18,27,0.307,0.448
Hunter Goodman,goodmhu01,0.226,61,132,22,77,31,2,27,0.265,0.457
Andy Pages,pagesan01,0.281,80,168,22,76,33,10,36,0.311,0.445
Brandon Lowe,lowebr01,0.226,58,92,22,69,18,4,41,0.303,0.449
Randy Arozarena,arozara01,0.224,91,125,22,74,25,26,59,0.335,0.405
Max Muncy,muncyma02,0.266,44,93,22,65,17,1,21,0.292,0.499
Jake Burger,burgeja01,0.248,46,82,22,70,16,1,18,0.28,0.48
Yainer Diaz,diazya02,0.315,59,145,21,76,29,1,16,0.299,0.474
Marcell Ozuna,ozunama01,0.242,53,95,21,76,16,1,58,0.339,0.437
Adolis Garcia,garciad02,0.221,57,98,21,71,21,8,27,0.279,0.43
Kyle Stowers,stoweky01,0.217,59,107,21,68,15,3,40,0.305,0.413
Agustín Ramírez,ramirag01,0.252,71,118,21,69,30,15,39,0.305,0.451
Austin Wells,wellsau01,0.239,59,96,21,63,18,3,41,0.308,0.452
George Springer,springe01,0.262,86,139,21,58,13,19,59,0.371,0.455
Colton Cowser,cowseco01,0.193,55,81,21,55,17,13,45,0.297,0.418
Byron Buxton,buxtoby01,0.208,71,80,21,59,15,17,25,0.281,0.475
Josh Naylor,naylojo01,0.279,78,155,21,82,31,21,43,0.34,0.441
Kerry Carpenter,carpeke01,0.28,55,119,21,73,21,1,29,0.318,0.504
Max Muncy,muncyma01,0.178,53,50,21,52,8,2,61,0.352,0.409
Daulton Varsho,varshda01,0.206,46,69,21,51,10,6,34,0.297,0.466
Mark Vientos,vientma01,0.251,49,105,21,62,18,1,30,0.289,0.47
Rhys Hoskins,hoskirh01,0.206,37,62,21,50,12,1,41,0.315,0.418
Ketel Marte,marteke01,0.28,68,133,20,67,28,4,61,0.381,0.507
Zach Neto,netoza01,0.235,63,110,20,56,25,24,32,0.305,0.443
Anthony Volpe,volpean01,0.235,69,116,20,58,25,20,37,0.299,0.429
Nolan Gorman,gormano01,0.183,45,72,20,55,13,3,35,0.27,0.415
Jorge Soler,solerjo01,0.23,43,72,20,50,16,1,44,0.319,0.45
Lenyn Sosa,sosale01,0.266,46,120,20,53,21,2,13,0.273,0.431
Dansby Swanson,swansda01,0.221,79,140,20,73,28,15,42,0.299,0.391
Christopher Morel,morelch01,0.221,47,79,20,58,13,7,35,0.294,0.451
Jose Altuve,altuvjo01,0.298,79,146,19,64,25,12,43,0.358,0.447
Francisco Alvarez,alvarfr01,0.226,46,88,19,54,17,1,35,0.318,0.456
Ceddanne Rafaela,rafaece01,0.279,76,154,19,68,31,17,22,0.297,0.446
Josh Jung,jungjo01,0.251,58,109,19,62,25,2,24,0.295,0.436
Kody Clemens,clemeko01,0.214,43,68,19,51,13,4,30,0.295,0.448
Spencer Steer,steersp01,0.228,70,127,19,74,26,12,62,0.331,0.409
Gleyber Torres,torregl01,0.257,71,131,19,72,26,5,70,0.357,0.416
Logan O'Hoppe,ohopplo01,0.218,41,88,19,52,15,3,25,0.283,0.414
Drake Baldwin,baldwdr01,0.289,48,108,19,71,22,1,42,0.351,0.505
Wyatt Langford,langfwy01,0.229,71,94,19,64,25,19,59,0.34,0.446
Brooks Lee,leebr02,0.258,48,103,18,60,23,3,28,0.298,0.41
Trea Turner,turnetr01,0.329,95,172,18,65,33,27,33,0.347,0.477
Brandon Nimmo,nimmobr01,0.236,83,160,18,78,29,10,65,0.367,0.408
Ryan McMahon,mcmahry01,0.199,53,99,18,57,22,4,56,0.28,0.384
CJ Abrams,abramcj01,0.248,79,146,18,61,30,30,33,0.301,0.439
Matt Chapman,chapmma01,0.198,65,87,18,55,23,8,59,0.317,0.41
Willson Contreras,contrwi01,0.229,55,95,18,59,24,5,47,0.347,0.428
Jazz Chisholm,chishja01,0.213,45,81,18,50,11,27,40,0.291,0.458
Alex Bregman,bregmal01,0.274,62,122,18,64,27,3,55,0.361,0.443
Ezequiel Tovar,tovarez01,0.278,77,150,18,79,30,7,23,0.296,0.488
Alec Burleson,burleal01,0.283,60,130,18,62,25,5,32,0.327,0.452
Oneil Cruz,cruzon01,0.183,56,85,18,55,23,27,46,0.284,0.451
Will Smith,smithwi05,0.248,62,113,18,63,22,1,58,0.37,0.434
Jackson Holliday,hollija01,0.248,84,158,17,73,36,16,50,0.315,0.396
Luis Robert,roberlu01,0.247,50,88,17,52,17,25,30,0.288,0.426
Geraldo Perdomo,perdoge01,0.275,96,161,17,86,37,18,78,0.368,0.393
Matt McLain,mclaima01,0.245,63,113,17,59,19,17,40,0.316,0.404
Nolan Arenado,arenano01,0.279,63,116,17,76,28,2,36,0.306,0.428
Max Kepler,keplema01,0.237,48,86,16,51,14,2,30,0.301,0.402
Jac Caglianone,caglija01,0.252,49,97,16,58,19,5,28,0.301,0.384
Royce Lewis,lewisro02,0.254,51,102,16,49,18,9,30,0.307,0.439
Nick Castellanos,casteni01,0.243,60,130,16,72,26,4,24,0.285,0.425
Cam Smith,smithca07,0.262,74,142,16,70,27,12,41,0.331,0.403
Paul Goldschmidt,goldspa01,0.265,66,108,16,54,26,6,41,0.352,0.406
Bo Bichette,bichebo01,0.307,69,152,16,76,42,6,25,0.328,0.454
Jasson Domínguez,dominja01,0.255,70,129,16,63,26,21,44,0.333,0.38
Brenton Doyle,doylebr02,0.232,63,102,16,55,22,16,27,0.277,0.404
Lourdes Gurriel,gurrilo01,0.281,51,120,16,67,21,7,23,0.311,0.436
Jarren Duran,duranja01,0.261,74,137,16,70,29,12,45,0.311,0.489
Nathaniel Lowe,lowena01,0.243,54,101,16,58,18,2,49,0.347,0.401
Jordan Beck,beckjo01,0.241,59,128,16,52,30,21,34,0.291,0.413
Ronald Acuña,acunaro01,0.269,95,107,16,35,21,21,64,0.408,0.5
Mickey Moniak,moniami01,0.231,48,94,15,56,19,7,14,0.28,0.462
Mike Yastrzemski,yastrmi01,0.225,55,76,15,42,20,4,53,0.33,0.427
Josh Bell,belljo02,0.223,37,76,15,53,13,0,46,0.321,0.396
Colt Keith,keithco01,0.272,54,102,15,55,21,3,40,0.341,0.439
Marcus Semien,semiema01,0.23,64,103,15,58,21,9,43,0.295,0.376
JJ Bleday,bledajj01,0.233,54,85,15,45,21,2,46,0.346,0.42
Isaac Paredes,paredis01,0.236,49,105,15,59,18,1,54,0.352,0.426
Andrew Vaughn,vaughan01,0.255,45,106,15,62,21,1,24,0.292,0.419
Carlos Narváez,narvaca01,0.241,52,107,15,56,21,2,37,0.312,0.437
Bo Naylor,naylobo01,0.188,44,62,15,50,14,3,39,0.288,0.4
Maikel Garcia,garcima01,0.292,88,177,15,66,41,19,53,0.343,0.418
Luis Garcia,garcilu04,0.283,61,128,15,59,25,14,24,0.287,0.393
Jesus Sanchez,sanchje02,0.233,55,97,15,47,20,8,30,0.299,0.392
Jorge Polanco,polanjo01,0.226,50,89,15,54,16,4,32,0.302,0.417
Spencer Horwitz,horwisp01,0.268,48,94,15,49,19,1,44,0.357,0.441
Trent Grisham,grishtr01,0.181,42,60,14,50,11,5,50,0.282,0.344
Heriberto Hernandez,hernahe01,0.244,38,71,14,46,15,2,37,0.331,0.431
Paul DeJong,dejonpa01,0.231,48,80,14,47,17,3,21,0.265,0.412
Andrew Benintendi,beninan01,0.231,49,93,14,51,17,4,38,0.3,0.393
Ivan Herrera,herreiv01,0.276,61,104,14,56,19,5,48,0.35,0.455
Brice Turang,turanbr02,0.278,86,168,14,62,25,21,61,0.335,0.384
Ramon Laureano,laurera01,0.234,44,82,14,41,15,9,23,0.294,0.393
Gabriel Arias,ariasga01,0.233,50,75,14,48,18,8,27,0.292,0.4
Jakob Marsee,marseja01,0.272,70,128,14,52,27,16,43,0.333,0.434
Angel Martínez,martian02,0.273,57,107,14,52,24,10,24,0.293,0.422
Coby Mayo,mayoco01,0.208,35,68,14,42,13,4,30,0.295,0.374
Dylan Crews,crewsdy01,0.231,46,93,14,36,17,20,25,0.304,0.379
Matt Shaw,shawma01,0.249,60,110,14,54,23,16,41,0.309,0.406
Brady House,housebr01,0.262,66,136,14,55,26,21,17,0.295,0.44
Masyn Winn,winnma01,0.275,66,133,14,56,27,10,34,0.321,0.407
Kyle Teel,teelky01,0.243,52,97,14,50,19,4,54,0.342,0.433
Michael Conforto,confomi01,0.195,44,70,14,46,15,1,48,0.316,0.39
Otto Kemp,kempot01,0.261,38,77,14,45,18,2,17,0.322,0.462
Miguel Vargas,vargami01,0.234,75,112,14,67,26,6,56,0.32,0.377
Gavin Sheets,sheetga01,0.24,39,87,14,56,19,1,34,0.296,0.39
Carlos Correa,correca01,0.292,61,151,14,60,27,1,47,0.357,0.433
Ryan Mountcastle,mountry01,0.25,43,92,13,51,19,3,18,0.282,0.384
Nolan Schanuel,schanno01,0.274,63,126,13,56,25,5,61,0.379,0.397
Adley Rutschman,rutscad01,0.238,51,103,13,54,17,0,48,0.348,0.387
Cedric Mullins,mullice01,0.225,45,70,13,38,15,22,33,0.301,0.395
Tyler Stephenson,stephty01,0.232,43,69,13,44,17,0,37,0.322,0.425
Joc Pederson,pederjo01,0.197,34,59,13,48,12,2,46,0.307,0.383
Lars Nootbaar,nootbla01,0.226,54,94,13,51,21,5,65,0.35,0.397
Davis Schneider,schneda03,0.227,41,57,13,37,11,5,46,0.348,0.361
Sean Murphy,murphse01,0.179,21,37,13,39,3,0,34,0.305,0.389
Rowdy Tellez,tellero01,0.203,26,53,13,42,9,0,19,0.259,0.414
Jordan Westburg,westbjo01,0.249,46,89,13,43,17,3,17,0.293,0.445
Josh Lowe,lowejo01,0.24,53,93,13,48,19,17,31,0.289,0.401
Yandy Diaz,diazya01,0.284,67,139,13,65,29,1,54,0.374,0.449
Ryan Jeffers,jeffery01,0.248,42,99,13,49,21,2,41,0.317,0.412
Alejandro Kirk,kirkal01,0.279,33,102,13,59,19,0,43,0.344,0.372
Daylen Lile,lileda01,0.283,51,104,13,44,23,9,27,0.342,0.446
TJ Friedl,friedtj01,0.241,63,130,13,54,25,10,71,0.332,0.358
Noelvi Marte,marteno01,0.226,40,88,13,43,18,11,17,0.259,0.374
Jonathan Aranda,arandjo01,0.294,48,110,12,52,18,0,43,0.367,0.428
Brooks Baldwin,baldwbr01,0.231,40,79,12,40,18,5,26,0.286,0.4
Wenceel Pérez,perezwe01,0.232,48,80,12,42,17,9,32,0.304,0.405
Edgar Quero,queroed01,0.266,52,113,12,48,25,6,42,0.341,0.39
Brett Baty,batybr01,0.241,47,89,12,50,16,5,33,0.305,0.382
Will Benson,bensowi01,0.241,51,73,12,43,12,9,29,0.303,0.462
Jacob Wilson,wilsoja04,0.328,68,153,12,51,30,5,30,0.366,0.423
Danny Jansen,janseda01,0.187,24,36,12,29,6,0,25,0.285,0.359
Tim Tawa,tawati01,0.232,42,82,11,34,17,12,24,0.294,0.41
Jurickson Profar,profaju01,0.239,67,112,11,60,21,10,56,0.35,0.4
Jordan Walker,walkejo02,0.219,38,73,11,40,20,10,31,0.298,0.388
Wilmer Flores,florewi01,0.232,23,70,11,52,11,0,20,0.259,0.354
Austin Hays,haysau01,0.253,43,101,11,49,18,4,20,0.299,0.392
Ryan O'Hearn,ohearry01,0.258,49,93,11,45,17,2,34,0.336,0.4
Dillon Dingler,dingldi01,0.277,45,105,11,51,21,1,19,0.31,0.414
Kristian Campbell,campbkr01,0.238,42,95,11,40,17,4,37,0.336,0.397
Jeremy Peña,penaje02,0.291,62,127,11,51,25,16,25,0.328,0.426
Otto Lopez,lopezot01,0.275,62,126,11,55,23,13,34,0.323,0.373
Yoan Moncada,moncayo01,0.208,28,45,11,32,9,1,33,0.305,0.4
Trevor Larnach,larnatr01,0.237,51,93,11,43,20,3,43,0.326,0.385
Gabriel Moreno,morenga01,0.269,45,93,11,46,20,3,41,0.339,0.41
Xander Bogaerts,bogaexa01,0.289,62,111,10,50,25,15,41,0.343,0.388
Nacho Alvarez,alvarna01,0.298,53,136,10,49,21,7,29,0.35,0.425
Cole Young,youngco01,0.264,50,83,10,48,18,6,36,0.349,0.382
Luke Raley,raleylu01,0.226,31,55,10,33,5,7,24,0.326,0.38
Luis Urias,uriaslu01,0.227,37,72,10,32,12,2,36,0.322,0.359
J. T. Realmuto,realmjt01,0.256,45,101,10,44,19,8,26,0.305,0.388
Caleb Durbin,durbica01,0.268,55,109,10,45,23,18,32,0.325,0.378
Ernie Clement,clemeer01,0.317,67,158,10,57,31,8,18,0.318,0.431
Josh Smith,smithjo09,0.24,56,101,10,34,20,8,41,0.334,0.356
Brendan Donovan,donovbr01,0.298,61,138,10,58,30,4,42,0.365,0.425
Blaze Alexander,alexabl01,0.215,37,66,10,35,11,5,28,0.31,0.359
Alec Bohm,bohmal01,0.279,52,121,10,62,25,2,32,0.332,0.392
Javier Sanoja,sanojja01,0.284,56,110,10,50,24,7,21,0.307,0.4
Carlos Santana,santaca01,0.213,39,61,10,35,12,4,51,0.302,0.359
Javier Baez,baezja01,0.25,34,86,10,49,14,7,4,0.239,0.369
Casey Schmitt,schmica01,0.226,29,62,10,35,14,0,22,0.282,0.371
Luke Keaschall,keasclu01,0.289,80,169,10,55,30,18,40,0.372,0.411
Jung Hoo Lee,leeju01,0.287,72,160,10,59,33,9,44,0.343,0.4
Mitch Garver,garvemi01,0.183,25,42,10,26,8,1,28,0.303,0.363
Carson Kelly,kellyca02,0.221,26,62,10,38,9,1,35,0.305,0.361
Jonathan India,indiajo01,0.234,52,98,10,45,22,4,56,0.353,0.384
Connor Norby,norbyco01,0.242,41,80,10,37,17,10,17,0.283,0.38
Brandon Marsh,marshbr02,0.243,47,87,10,44,17,8,36,0.327,0.39
Randal Grichuk,grichra01,0.227,28,60,10,39,13,1,13,0.263,0.428
Daniel Schneemann,schneda04,0.218,41,54,9,32,11,7,31,0.308,0.358
Dominic Canzone,canzodo01,0.276,39,79,9,32,16,2,24,0.33,0.41
Kameron Misner,misneka01,0.251,40,79,9,33,14,10,17,0.304,0.396
Nathan Lukes,lukesna01,0.254,45,89,9,50,15,1,38,0.33,0.384
Travis d'Arnaud,darnatr01,0.19,20,37,9,32,7,0,11,0.245,0.373
Bryson Stott,stottbr01,0.255,59,106,9,46,21,13,42,0.328,0.358
Isaac Collins,colliis01,0.255,57,93,9,47,19,13,60,0.354,0.382
Jonah Heim,heimjo01,0.232,31,64,9,39,13,1,18,0.269,0.361
Miguel Andujar,andujmi01,0.304,33,79,9,36,14,1,12,0.298,0.415
Robert Hassell,hassero02,0.265,50,103,9,43,17,12,24,0.313,0.419
Rob Refsnyder,refsnro01,0.236,32,50,9,34,10,3,39,0.343,0.409
Tyler Fitzgerald,fitzgty01,0.237,42,75,9,31,11,15,16,0.292,0.403
Joey Ortiz,ortizjo06,0.256,58,105,9,45,20,11,41,0.324,0.394
Alek Thomas,thomaal01,0.243,46,92,9,36,20,8,20,0.279,0.371
Ty France,francty01,0.234,38,84,9,39,17,1,22,0.311,0.361
Tommy Pham,phamth01,0.244,35,68,9,34,11,8,41,0.318,0.35
Eric Wagaman,wagamer01,0.257,51,101,9,48,23,4,29,0.308,0.398
Pavin Smith,smithpa04,0.22,30,50,9,35,11,1,39,0.319,0.336
Steven Kwan,kwanst01,0.303,77,149,8,42,30,15,59,0.354,0.365
Evan Carter,carteev01,0.259,56,99,8,38,19,17,27,0.323,0.362
Willi Castro,castrwi01,0.232,51,87,8,35,17,11,30,0.31,0.337
Alexander Canario,canaral01,0.226,34,60,8,28,14,4,16,0.277,0.394
Oswald Peraza,perazos02,0.214,33,60,8,32,12,11,19,0.268,0.325
Edmundo Sosa,sosaed01,0.258,30,56,8,33,11,3,9,0.293,0.408
Parker Meadows,meadopa01,0.245,43,82,8,32,19,8,29,0.31,0.418
Harrison Bader,baderha01,0.228,46,70,8,32,13,9,22,0.282,0.326
Ramon Urias,uriasra01,0.226,26,54,8,27,10,2,20,0.288,0.336
Riley Adams,adamsri03,0.182,25,46,8,27,6,1,14,0.263,0.329
Andrew McCutchen,mccutan01,0.225,34,70,8,29,11,3,53,0.325,0.355
Michael Taylor,taylomi02,0.175,22,33,8,18,3,8,12,0.219,0.351
Jeff McNeil,mcneije01,0.262,39,77,8,35,15,4,31,0.325,0.375
J. P. Crawford,crawfjp01,0.242,62,131,8,45,24,5,70,0.344,0.295
Michael Massey,massemi02,0.241,33,79,8,32,14,3,11,0.266,0.366
Jake Cronenworth,croneja01,0.228,51,87,8,43,18,3,59,0.334,0.341
Pedro Pagés,pagespe01,0.222,25,68,8,28,11,0,12,0.257,0.376
Kyle Higashioka,higasky01,0.218,21,49,8,36,9,2,12,0.255,0.39
Henry Davis,davishe01,0.177,30,62,8,29,10,2,22,0.249,0.294
Tommy Edman,edmanto01,0.238,55,73,8,34,15,19,21,0.282,0.364
Elias Diaz,diazel01,0.195,20,49,8,24,8,0,12,0.249,0.365
Enrique Hernandez,hernaen02,0.197,24,44,8,24,8,0,16,0.254,0.377
Liam Hicks,hicksli01,0.247,42,90,8,40,18,2,42,0.356,0.362
Jared Triolo,triolja01,0.24,43,75,7,32,13,11,37,0.317,0.333
Andres Gimenez,gimenan01,0.244,49,84,7,35,17,21,17,0.298,0.346
Trey Sweeney,sweentr01,0.191,31,62,7,30,10,3,29,0.273,0.299
Zach McKinstry,mckinza01,0.209,48,71,7,28,15,14,37,0.297,0.327
Orlando Arcia,arciaor01,0.249,20,50,7,28,5,1,17,0.259,0.323
Brayan Rocchio,rocchbr01,0.271,52,108,7,44,21,11,34,0.336,0.366
Luis Torrens,torrelu01,0.235,26,53,7,25,12,0,17,0.289,0.401
Sal Frelick,frelisa01,0.273,65,156,7,47,25,16,42,0.359,0.338
Jake Bauers,bauerja01,0.216,32,43,7,25,7,10,32,0.313,0.327
Keibert Ruiz,ruizke01,0.26,36,90,7,43,15,2,15,0.277,0.378
Edouard Julien,julieed01,0.224,34,60,7,32,7,4,43,0.341,0.335
Jose Herrera,herrejo04,0.23,22,52,7,22,7,0,36,0.351,0.341
Joey Bart,bartjo01,0.221,25,45,6,27,7,0,27,0.314,0.348
Drew Waters,waterdr01,0.256,39,78,6,27,14,14,17,0.318,0.384
Alex Verdugo,verdual01,0.26,48,93,6,26,20,2,36,0.317,0.327
Nick Gonzales,gonzani01,0.269,35,94,6,32,15,2,17,0.289,0.359
Romy Gonzalez,gonzaro01,0.277,44,79,6,43,15,9,16,0.307,0.423
Luis Rengifo,rengilu01,0.25,40,89,6,30,13,9,23,0.291,0.367
Thomas Saggese,saggeth01,0.265,42,94,6,38,18,6,19,0.302,0.368
Ryan Ritter,rittery01,0.271,44,101,6,27,14,6,20,0.339,0.408
Dylan Moore,mooredy01,0.179,38,42,6,21,4,23,25,0.29,0.338
Patrick Bailey,bailepa01,0.241,37,89,6,42,16,3,29,0.292,0.368
Josh Rojas,rojasjo01,0.234,32,56,6,22,8,9,37,0.283,0.285
Abraham Toro,toroab01,0.25,30,58,5,28,13,3,13,0.283,0.345
Eli White,whiteel04,0.231,29,43,5,26,9,8,11,0.279,0.357
Gavin Lux,luxga01,0.264,44,93,5,35,17,3,46,0.342,0.347
Tyrone Taylor,tayloty01,0.225,30,59,5,21,11,10,11,0.261,0.329
Mike Tauchman,tauchmi01,0.221,28,55,5,22,9,2,39,0.347,0.337
Jake Fraley,fraleja01,0.23,41,67,5,25,12,11,35,0.334,0.344
Nolan Jones,jonesno01,0.221,32,54,5,26,10,8,34,0.307,0.309
Victor Caratini,caratvi01,0.222,17,54,5,21,8,0,17,0.289,0.315
Jake McCarthy,mccarja02,0.268,40,70,5,31,14,15,13,0.316,0.38
Nick Fortes,forteni01,0.248,25,50,4,25,11,1,9,0.28,0.358
Freddy Fermin,fermifr01,0.24,20,51,4,20,10,1,12,0.29,0.325
Kyle Farmer,farmeky01,0.21,17,35,4,18,7,1,9,0.278,0.326
Ezequiel Duran,duranez01,0.262,30,63,4,25,8,16,9,0.288,0.341
Curtis Mead,meadcu01,0.255,36,75,4,26,13,8,16,0.31,0.351
Chase Meidroth,meidrch01,0.261,52,111,4,32,20,13,39,0.341,0.329
Ben Williamson,willibe03,0.281,39,89,4,27,17,12,16,0.321,0.361
Dane Myers,myersda01,0.243,40,73,4,23,14,24,23,0.302,0.342
Mauricio Dubon,dubonma01,0.258,35,76,4,31,17,3,14,0.285,0.348
Dylan Carlson,carlsdy01,0.229,32,55,4,28,10,3,23,0.302,0.37
Dominic Smith,smithdo02,0.235,26,65,4,30,13,1,25,0.312,0.349
Masataka Yoshida,yoshima02,0.276,44,92,4,42,20,4,21,0.303,0.364
LaMonte Wade,wadela01,0.172,21,26,4,11,2,1,36,0.307,0.294
Xavier Edwards,edwarxa01,0.288,63,140,3,30,18,15,42,0.354,0.314
Alex Call,callal01,0.234,34,54,3,23,16,4,42,0.341,0.333
José Caballero,cabaljo01,0.23,55,75,3,22,11,32,38,0.311,0.306
Ke'Bryan Hayes,hayeske01,0.245,35,88,3,30,16,9,24,0.297,0.324
Nico Hoerner,hoernni01,0.3,71,145,3,41,28,19,32,0.329,0.339
Kyle Isbel,isbelky01,0.246,34,71,3,24,13,6,16,0.272,0.328
Max Schuemann,schuema01,0.25,35,60,3,17,9,14,37,0.336,0.317
Jose Trevino,trevijo01,0.257,24,50,3,21,8,0,11,0.278,0.361
Starling Marte,martest01,0.257,31,65,3,22,8,13,13,0.297,0.347
Christian Vazquez,vazquch01,0.223,14,33,3,17,3,2,12,0.255,0.255
Taylor Walls,wallsta01,0.225,35,58,2,25,7,18,31,0.297,0.294
Isiah Kiner-Falefa,kineris01,0.249,32,99,2,21,15,9,10,0.269,0.297
Tyler Freeman,freemty01,0.271,53,116,2,25,20,15,36,0.324,0.321
Jake Meyers,meyerja02,0.235,46,81,2,22,14,10,29,0.305,0.273
Miguel Rojas,rojasmi02,0.241,24,52,2,19,10,5,14,0.284,0.311
Victor Scott,scottvi01,0.237,51,69,2,28,14,45,35,0.315,0.284
Santiago Espinal,espinsa01,0.247,24,61,1,13,9,5,15,0.299,0.283
Luis Arraez,arraelu01,0.318,55,153,1,43,30,8,28,0.338,0.341
Nick Allen,allenni02,0.222,36,69,1,19,11,9,21,0.27,0.291
Jake Mangum,manguja01,0.29,40,113,0,26,14,18,13,0.311,0.316
Jose Iglesias,iglesjo01,0.228,11,28,0,6,8,4,0,0.248,0.241
Adam Frazier,fraziad01,0.22,28,63,0,13,10,5,18,0.266,0.275
Chandler Simpson,simpsch01,0.31,65,136,0,20,12,47,23,0.325,0.332
Myles Straw,strawmy01,0.257,44,62,0,17,11,12,30,0.313,0.342
Jacob Young,youngja03,0.227,38,74,0,16,10,21,25,0.311,0.27
